0,1,2
https://ipiter.ru//shop/noutbuk_apple_macbook_air_13_2020_m18256_space_gray,76490 ₽,https://ipiter.ru/upl/modules/shop/360/5xi4fubg69.jpg
https://ipiter.ru//shop/apple_macbook_pro_14_2023_m2_pro_10cpu16gpu16gb512gb_space_gray,195790 ₽,https://ipiter.ru/upl/modules/shop/360/45ord574zx.jpg
https://ipiter.ru//shop/noutbuk_apple_macbook_air_13_2020_m18256_midnight,98790 ₽,https://ipiter.ru/upl/modules/shop/360/sxcxzpj744.jpg
https://ipiter.ru//shop/7039,78690 ₽,https://ipiter.ru/upl/modules/shop/360/f8po2exfch.jpg
https://ipiter.ru//shop/10254,98590 ₽,https://ipiter.ru/upl/modules/shop/360/893956nxpw.jpg
https://ipiter.ru//shop/apple_macbook_pro_16_2023_m3_pro_12cpu18gpu18gb512gb_space_black,248590 ₽,https://ipiter.ru/upl/modules/shop/360/9nn78cttrw.jpg
https://ipiter.ru//shop/noutbuk_apple_macbook_air_13_2020_m18256_starlight,99690 ₽,https://ipiter.ru/upl/modules/shop/360/ft6ehk2f4h.jpg
https://ipiter.ru//shop/apple_studio_display_27-inch_5k_standart_glass_tilt_stand_silver,228990 ₽,https://ipiter.ru/upl/modules/shop/360/ejo7qy2m8m.jpg
https://ipiter.ru//shop/noutbuk_apple_macbook_air_15_2023_m28256_midnight,116990 ₽,https://ipiter.ru/upl/modules/shop/360/3h58eux6pp.jpg
https://ipiter.ru//shop/apple_macbook_pro_16_2021_m1_pro_10cpu16gpu16gb512gbrua_space_gray,174490 ₽,https://ipiter.ru/upl/modules/shop/360/xb7sxz72mw.jpg
https://ipiter.ru//shop/apple_macbook_pro_16_2023_m2_max_12cpu38gpu32gb1tb_space_gray,310690 ₽,https://ipiter.ru/upl/modules/shop/360/vqt3d7j32m.jpg
https://ipiter.ru//shop/noutbuk_apple_macbook_pro_13_2022_m28512_space_gray,122490 ₽,https://ipiter.ru/upl/modules/shop/360/e6yxs8w532.jpg
https://ipiter.ru//shop/apple_macbook_pro_16_2021_m1_max_10cpu32gpu32gb1tb_space_gray,296190 ₽,https://ipiter.ru/upl/modules/shop/360/xb7sxz72mw.jpg
https://ipiter.ru//shop/10253,99790 ₽,https://ipiter.ru/upl/modules/shop/360/e5ib5uxgum.jpg
https://ipiter.ru//shop/noutbuk_apple_macbook_air_15_2023_m28512_space_gray,133590 ₽,https://ipiter.ru/upl/modules/shop/360/2vh3f2kxmu.jpg
https://ipiter.ru//shop/noutbuk_apple_macbook_air_15_2023_m28512_starlight,133590 ₽,https://ipiter.ru/upl/modules/shop/360/64skw8ztbf.jpg
https://ipiter.ru//shop/apple_macbook_pro_14_2023_m3_pro_11cpu14gpu18gb512gb_space_black,196790 ₽,https://ipiter.ru/upl/modules/shop/360/6xqzhkoxof.jpg
https://ipiter.ru//shop/apple_mac_studio_mjmv3_m1_ultra_2048_cores_64gb_1tb_silver,367290 ₽,https://ipiter.ru/upl/modules/shop/360/4o38idbvwj.jpg
https://ipiter.ru//shop/apple_macbook_pro_16_2021_m1_pro_10cpu16gpu16gb512gb_space_gray,172190 ₽,https://ipiter.ru/upl/modules/shop/360/xb7sxz72mw.jpg
https://ipiter.ru//shop/noutbuk_apple_macbook_air_15_2023_m28512_midnight,133390 ₽,https://ipiter.ru/upl/modules/shop/360/3h58eux6pp.jpg
